LOCKEF;CTFBD{T1g3nere_cnC0d1ng_15_dun}
NZNWHE;AIUPA{U1e3ctfb_dlR0s1bd_15_esc}
NFOGGV;ACTFB{D1e3wsvc_mlL0r1re_15_nsw}
WXAWHF;RKHPA{T1v3egfb_ccT0f1bd_15_dje}
MADXFF;BHEOC{T1f3bded_cmQ0c1af_15_dtb}
VQEIDG;SRDDE{S1w3lctf_bdA0b1ph_15_ckl}
TPCXGO;USFOB{K1y3meec_tfB0d1ae_15_umm}
WHWXA;RALOH{C1k3fjbm_acT0f1bd_15_mib}
CQDEFH;LREHC{R1p3ldxd_awA0c1tf_15_bdl}
YWFYQW;PLCNR{C1t3fbds_laU0a1zu_15_mhf}
NOMSJF;ATVTY{T1e3nujz_clC0t1fb_15_dsn}
UFFLE;TCCAD{E1m3wvxo_ctF0b1df_15_dux}
TQYJO;URJCT{F1b3dxnp_raH0r1eu_15_kwn}
QYOJOT;XJTCT{F1b3dssu_oiS0r1ow_15_ppd}
FLEUQF;IWDRR{T1m3qchs_ctF0b1du_15_daq}
FMADF;IVHIC{T1f3bdwd_vyN0a1sy_15_icw}
EYOVRD;JJTQQ{V1n3dsgr_euS0r1ct_15_fbd}
EFHCD;JCAJE{U1m3ueye_crO0c1tf_15_bdy}
FPIBA;ISZKH{T1c3tfbd_sqP0f1sv_15_aeb}
PCXNZ;YFKYI{J1p3etct_fbD0g1ii_15_lsc}
VFOGG;SCTFB{D1m3navn_ckK0z1cf_15_uzv}
GOTPC;HTOWF{S1d3irzc_tfB0d1rw_15_pqz}
WYWFY;RJLGJ{C1t3fbdm_jcL0h1bm_15_mad}
XNOZPC;QUTMS{W1u3osct_fbD0r1yv_15_gio}
OQFSCX;ZRCTF{B1d3lbjg_kkA0a1fi_15_lrl}
PIBAFF;YZGLC{T1c3tfbd_cjI0e1xf_15_dqt}
XOFSC;QTCTF{B1d3wozl_ttY0d1aw_15_dnz}
VRDEY;SQEHJ{D1a3ycdn_qvM0h1ct_15_fbd}
DGVEI;KBMHZ{V1l3gctf_bdM0x1ue_15_nbt}
LOCKE;CTFBD{N1d3zwxx_twG0b1mw_15_gvx}
SJFOM;VYCXV{G1i3wspq_ytC0t1fb_15_drp}
HEZNW;GDIYL{R1n3ctfb_dzD0j1qg_15_jsf}
